ds,holiday,country,year
01/01/1995,Ano Nuevo [New Year's Day],MX,1995
02/01/1995,Ano Nuevo [New Year's Day] (Observed),MX,1995
05/02/1995,Dia de la Constitucion [Constitution Day],MX,1995
21/03/1995,Natalicio de Benito Juarez [Benito Juarez's birthday],MX,1995
01/05/1995,Dia del Trabajo [Labour Day],MX,1995
15/09/1995,Dia de la Independencia [Independence Day] (Observed),MX,1995
16/09/1995,Dia de la Independencia [Independence Day],MX,1995
20/11/1995,Dia de la Revolucion [Revolution Day],MX,1995
25/12/1995,Navidad [Christmas],MX,1995
01/01/1996,Ano Nuevo [New Year's Day],MX,1996
05/02/1996,Dia de la Constitucion [Constitution Day],MX,1996
21/03/1996,Natalicio de Benito Juarez [Benito Juarez's birthday],MX,1996
01/05/1996,Dia del Trabajo [Labour Day],MX,1996
16/09/1996,Dia de la Independencia [Independence Day],MX,1996
20/11/1996,Dia de la Revolucion [Revolution Day],MX,1996
25/12/1996,Navidad [Christmas],MX,1996
01/01/1997,Ano Nuevo [New Year's Day],MX,1997
05/02/1997,Dia de la Constitucion [Constitution Day],MX,1997
21/03/1997,Natalicio de Benito Juarez [Benito Juarez's birthday],MX,1997
01/05/1997,Dia del Trabajo [Labour Day],MX,1997
16/09/1997,Dia de la Independencia [Independence Day],MX,1997
20/11/1997,Dia de la Revolucion [Revolution Day],MX,1997
25/12/1997,Navidad [Christmas],MX,1997
01/01/1998,Ano Nuevo [New Year's Day],MX,1998
05/02/1998,Dia de la Constitucion [Constitution Day],MX,1998
21/03/1998,Natalicio de Benito Juarez [Benito Juarez's birthday],MX,1998
01/05/1998,Dia del Trabajo [Labour Day],MX,1998
16/09/1998,Dia de la Independencia [Independence Day],MX,1998
20/11/1998,Dia de la Revolucion [Revolution Day],MX,1998
25/12/1998,Navidad [Christmas],MX,1998
01/01/1999,Ano Nuevo [New Year's Day],MX,1999
05/02/1999,Dia de la Constitucion [Constitution Day],MX,1999
21/03/1999,Natalicio de Benito Juarez [Benito Juarez's birthday],MX,1999
30/04/1999,Natalicio de Benito Juarez [Benito Juarez's birthday] (Observed),MX,1999
01/05/1999,Dia del Trabajo [Labour Day],MX,1999
16/09/1999,Dia de la Independencia [Independence Day],MX,1999
20/11/1999,Dia de la Revolucion [Revolution Day],MX,1999
24/12/1999,Transmision del Poder Ejecutivo Federal [Change of Federal Government] (Observed),MX,1999
25/12/1999,Navidad [Christmas],MX,1999
31/12/1999,Ano Nuevo [New Year's Day] (Observed),MX,1999
01/01/2000,Ano Nuevo [New Year's Day],MX,2000
05/02/2000,Dia de la Constitucion [Constitution Day],MX,2000
21/03/2000,Natalicio de Benito Juarez [Benito Juarez's birthday],MX,2000
01/05/2000,Dia del Trabajo [Labour Day],MX,2000
15/09/2000,Dia de la Independencia [Independence Day] (Observed),MX,2000
16/09/2000,Dia de la Independencia [Independence Day],MX,2000
20/11/2000,Dia de la Revolucion [Revolution Day],MX,2000
01/12/2000,Transmision del Poder Ejecutivo Federal [Change of Federal Government],MX,2000
25/12/2000,Navidad [Christmas],MX,2000
01/01/2001,Ano Nuevo [New Year's Day],MX,2001
05/02/2001,Dia de la Constitucion [Constitution Day],MX,2001
21/03/2001,Natalicio de Benito Juarez [Benito Juarez's birthday],MX,2001
01/05/2001,Dia del Trabajo [Labour Day],MX,2001
16/09/2001,Dia de la Independencia [Independence Day],MX,2001
17/09/2001,Dia de la Independencia [Independence Day] (Observed),MX,2001
20/11/2001,Dia de la Revolucion [Revolution Day],MX,2001
25/12/2001,Navidad [Christmas],MX,2001
01/01/2002,Ano Nuevo [New Year's Day],MX,2002
05/02/2002,Dia de la Constitucion [Constitution Day],MX,2002
21/03/2002,Natalicio de Benito Juarez [Benito Juarez's birthday],MX,2002
01/05/2002,Dia del Trabajo [Labour Day],MX,2002
16/09/2002,Dia de la Independencia [Independence Day],MX,2002
20/11/2002,Dia de la Revolucion [Revolution Day],MX,2002
25/12/2002,Navidad [Christmas],MX,2002
01/01/2003,Ano Nuevo [New Year's Day],MX,2003
05/02/2003,Dia de la Constitucion [Constitution Day],MX,2003
21/03/2003,Natalicio de Benito Juarez [Benito Juarez's birthday],MX,2003
01/05/2003,Dia del Trabajo [Labour Day],MX,2003
16/09/2003,Dia de la Independencia [Independence Day],MX,2003
20/11/2003,Dia de la Revolucion [Revolution Day],MX,2003
25/12/2003,Navidad [Christmas],MX,2003
01/01/2004,Ano Nuevo [New Year's Day],MX,2004
05/02/2004,Dia de la Constitucion [Constitution Day],MX,2004
21/03/2004,Natalicio de Benito Juarez [Benito Juarez's birthday],MX,2004
30/04/2004,Natalicio de Benito Juarez [Benito Juarez's birthday] (Observed),MX,2004
01/05/2004,Dia del Trabajo [Labour Day],MX,2004
16/09/2004,Dia de la Independencia [Independence Day],MX,2004
20/11/2004,Dia de la Revolucion [Revolution Day],MX,2004
24/12/2004,Transmision del Poder Ejecutivo Federal [Change of Federal Government] (Observed),MX,2004
25/12/2004,Navidad [Christmas],MX,2004
31/12/2004,Ano Nuevo [New Year's Day] (Observed),MX,2004
01/01/2005,Ano Nuevo [New Year's Day],MX,2005
05/02/2005,Dia de la Constitucion [Constitution Day],MX,2005
21/03/2005,Natalicio de Benito Juarez [Benito Juarez's birthday],MX,2005
01/05/2005,Dia del Trabajo [Labour Day],MX,2005
02/05/2005,Natalicio de Benito Juarez [Benito Juarez's birthday] (Observed),MX,2005
16/09/2005,Dia de la Independencia [Independence Day],MX,2005
20/11/2005,Dia de la Revolucion [Revolution Day],MX,2005
25/12/2005,Navidad [Christmas],MX,2005
26/12/2005,Transmision del Poder Ejecutivo Federal [Change of Federal Government] (Observed),MX,2005
01/01/2006,Ano Nuevo [New Year's Day],MX,2006
02/01/2006,Ano Nuevo [New Year's Day] (Observed),MX,2006
05/02/2006,Dia de la Constitucion [Constitution Day],MX,2006
21/03/2006,Natalicio de Benito Juarez [Benito Juarez's birthday],MX,2006
01/05/2006,Dia del Trabajo [Labour Day],MX,2006
15/09/2006,Dia de la Independencia [Independence Day] (Observed),MX,2006
16/09/2006,Dia de la Independencia [Independence Day],MX,2006
20/11/2006,Dia de la Revolucion [Revolution Day],MX,2006
01/12/2006,Transmision del Poder Ejecutivo Federal [Change of Federal Government],MX,2006
25/12/2006,Navidad [Christmas],MX,2006
01/01/2007,Ano Nuevo [New Year's Day],MX,2007
05/02/2007,Dia de la Constitucion [Constitution Day],MX,2007
19/03/2007,Natalicio de Benito Juarez [Benito Juarez's birthday],MX,2007
01/05/2007,Dia del Trabajo [Labour Day],MX,2007
16/09/2007,Dia de la Independencia [Independence Day],MX,2007
17/09/2007,Dia de la Independencia [Independence Day] (Observed),MX,2007
19/11/2007,Dia de la Revolucion [Revolution Day],MX,2007
25/12/2007,Navidad [Christmas],MX,2007
01/01/2008,Ano Nuevo [New Year's Day],MX,2008
04/02/2008,Dia de la Constitucion [Constitution Day],MX,2008
17/03/2008,Natalicio de Benito Juarez [Benito Juarez's birthday],MX,2008
01/05/2008,Dia del Trabajo [Labour Day],MX,2008
16/09/2008,Dia de la Independencia [Independence Day],MX,2008
17/11/2008,Dia de la Revolucion [Revolution Day],MX,2008
25/12/2008,Navidad [Christmas],MX,2008
01/01/2009,Ano Nuevo [New Year's Day],MX,2009
02/02/2009,Dia de la Constitucion [Constitution Day],MX,2009
16/03/2009,Natalicio de Benito Juarez [Benito Juarez's birthday],MX,2009
01/05/2009,Dia del Trabajo [Labour Day],MX,2009
16/09/2009,Dia de la Independencia [Independence Day],MX,2009
16/11/2009,Dia de la Revolucion [Revolution Day],MX,2009
25/12/2009,Navidad [Christmas],MX,2009
01/01/2010,Ano Nuevo [New Year's Day],MX,2010
01/02/2010,Dia de la Constitucion [Constitution Day],MX,2010
15/03/2010,Natalicio de Benito Juarez [Benito Juarez's birthday],MX,2010
30/04/2010,Natalicio de Benito Juarez [Benito Juarez's birthday] (Observed),MX,2010
01/05/2010,Dia del Trabajo [Labour Day],MX,2010
16/09/2010,Dia de la Independencia [Independence Day],MX,2010
15/11/2010,Dia de la Revolucion [Revolution Day],MX,2010
24/12/2010,Transmision del Poder Ejecutivo Federal [Change of Federal Government] (Observed),MX,2010
25/12/2010,Navidad [Christmas],MX,2010
31/12/2010,Ano Nuevo [New Year's Day] (Observed),MX,2010
01/01/2011,Ano Nuevo [New Year's Day],MX,2011
07/02/2011,Dia de la Constitucion [Constitution Day],MX,2011
21/03/2011,Natalicio de Benito Juarez [Benito Juarez's birthday],MX,2011
01/05/2011,Dia del Trabajo [Labour Day],MX,2011
02/05/2011,Natalicio de Benito Juarez [Benito Juarez's birthday] (Observed),MX,2011
16/09/2011,Dia de la Independencia [Independence Day],MX,2011
21/11/2011,Dia de la Revolucion [Revolution Day],MX,2011
25/12/2011,Navidad [Christmas],MX,2011
26/12/2011,Transmision del Poder Ejecutivo Federal [Change of Federal Government] (Observed),MX,2011
01/01/2012,Ano Nuevo [New Year's Day],MX,2012
02/01/2012,Ano Nuevo [New Year's Day] (Observed),MX,2012
06/02/2012,Dia de la Constitucion [Constitution Day],MX,2012
19/03/2012,Natalicio de Benito Juarez [Benito Juarez's birthday],MX,2012
01/05/2012,Dia del Trabajo [Labour Day],MX,2012
16/09/2012,Dia de la Independencia [Independence Day],MX,2012
17/09/2012,Dia de la Independencia [Independence Day] (Observed),MX,2012
19/11/2012,Dia de la Revolucion [Revolution Day],MX,2012
30/11/2012,Transmision del Poder Ejecutivo Federal [Change of Federal Government] (Observed),MX,2012
01/12/2012,Transmision del Poder Ejecutivo Federal [Change of Federal Government],MX,2012
25/12/2012,Navidad [Christmas],MX,2012
01/01/2013,Ano Nuevo [New Year's Day],MX,2013
04/02/2013,Dia de la Constitucion [Constitution Day],MX,2013
18/03/2013,Natalicio de Benito Juarez [Benito Juarez's birthday],MX,2013
01/05/2013,Dia del Trabajo [Labour Day],MX,2013
16/09/2013,Dia de la Independencia [Independence Day],MX,2013
18/11/2013,Dia de la Revolucion [Revolution Day],MX,2013
25/12/2013,Navidad [Christmas],MX,2013
01/01/2014,Ano Nuevo [New Year's Day],MX,2014
03/02/2014,Dia de la Constitucion [Constitution Day],MX,2014
17/03/2014,Natalicio de Benito Juarez [Benito Juarez's birthday],MX,2014
01/05/2014,Dia del Trabajo [Labour Day],MX,2014
16/09/2014,Dia de la Independencia [Independence Day],MX,2014
17/11/2014,Dia de la Revolucion [Revolution Day],MX,2014
25/12/2014,Navidad [Christmas],MX,2014
01/01/2015,Ano Nuevo [New Year's Day],MX,2015
02/02/2015,Dia de la Constitucion [Constitution Day],MX,2015
16/03/2015,Natalicio de Benito Juarez [Benito Juarez's birthday],MX,2015
01/05/2015,Dia del Trabajo [Labour Day],MX,2015
16/09/2015,Dia de la Independencia [Independence Day],MX,2015
16/11/2015,Dia de la Revolucion [Revolution Day],MX,2015
25/12/2015,Navidad [Christmas],MX,2015
01/01/2016,Ano Nuevo [New Year's Day],MX,2016
01/02/2016,Dia de la Constitucion [Constitution Day],MX,2016
21/03/2016,Natalicio de Benito Juarez [Benito Juarez's birthday],MX,2016
01/05/2016,Dia del Trabajo [Labour Day],MX,2016
02/05/2016,Natalicio de Benito Juarez [Benito Juarez's birthday] (Observed),MX,2016
16/09/2016,Dia de la Independencia [Independence Day],MX,2016
21/11/2016,Dia de la Revolucion [Revolution Day],MX,2016
25/12/2016,Navidad [Christmas],MX,2016
26/12/2016,Transmision del Poder Ejecutivo Federal [Change of Federal Government] (Observed),MX,2016
01/01/2017,Ano Nuevo [New Year's Day],MX,2017
02/01/2017,Ano Nuevo [New Year's Day] (Observed),MX,2017
06/02/2017,Dia de la Constitucion [Constitution Day],MX,2017
20/03/2017,Natalicio de Benito Juarez [Benito Juarez's birthday],MX,2017
01/05/2017,Dia del Trabajo [Labour Day],MX,2017
15/09/2017,Dia de la Independencia [Independence Day] (Observed),MX,2017
16/09/2017,Dia de la Independencia [Independence Day],MX,2017
20/11/2017,Dia de la Revolucion [Revolution Day],MX,2017
25/12/2017,Navidad [Christmas],MX,2017
01/01/2018,Ano Nuevo [New Year's Day],MX,2018
05/02/2018,Dia de la Constitucion [Constitution Day],MX,2018
19/03/2018,Natalicio de Benito Juarez [Benito Juarez's birthday],MX,2018
01/05/2018,Dia del Trabajo [Labour Day],MX,2018
16/09/2018,Dia de la Independencia [Independence Day],MX,2018
17/09/2018,Dia de la Independencia [Independence Day] (Observed),MX,2018
19/11/2018,Dia de la Revolucion [Revolution Day],MX,2018
30/11/2018,Transmision del Poder Ejecutivo Federal [Change of Federal Government] (Observed),MX,2018
01/12/2018,Transmision del Poder Ejecutivo Federal [Change of Federal Government],MX,2018
25/12/2018,Navidad [Christmas],MX,2018
01/01/2019,Ano Nuevo [New Year's Day],MX,2019
04/02/2019,Dia de la Constitucion [Constitution Day],MX,2019
18/03/2019,Natalicio de Benito Juarez [Benito Juarez's birthday],MX,2019
01/05/2019,Dia del Trabajo [Labour Day],MX,2019
16/09/2019,Dia de la Independencia [Independence Day],MX,2019
18/11/2019,Dia de la Revolucion [Revolution Day],MX,2019
25/12/2019,Navidad [Christmas],MX,2019
01/01/2020,Ano Nuevo [New Year's Day],MX,2020
03/02/2020,Dia de la Constitucion [Constitution Day],MX,2020
16/03/2020,Natalicio de Benito Juarez [Benito Juarez's birthday],MX,2020
01/05/2020,Dia del Trabajo [Labour Day],MX,2020
16/09/2020,Dia de la Independencia [Independence Day],MX,2020
16/11/2020,Dia de la Revolucion [Revolution Day],MX,2020
01/01/2021,Ano Nuevo [New Year's Day],MX,2021
01/02/2021,Dia de la Constitucion [Constitution Day],MX,2021
15/03/2021,Natalicio de Benito Juarez [Benito Juarez's birthday],MX,2021
30/04/2021,Natalicio de Benito Juarez [Benito Juarez's birthday] (Observed),MX,2021
01/05/2021,Dia del Trabajo [Labour Day],MX,2021
16/09/2021,Dia de la Independencia [Independence Day],MX,2021
15/11/2021,Dia de la Revolucion [Revolution Day],MX,2021
24/12/2021,Transmision del Poder Ejecutivo Federal [Change of Federal Government] (Observed),MX,2021
31/12/2021,Ano Nuevo [New Year's Day] (Observed),MX,2021
01/01/2022,Ano Nuevo [New Year's Day],MX,2022
07/02/2022,Dia de la Constitucion [Constitution Day],MX,2022
21/03/2022,Natalicio de Benito Juarez [Benito Juarez's birthday],MX,2022
01/05/2022,Dia del Trabajo [Labour Day],MX,2022
02/05/2022,Natalicio de Benito Juarez [Benito Juarez's birthday] (Observed),MX,2022
16/09/2022,Dia de la Independencia [Independence Day],MX,2022
21/11/2022,Dia de la Revolucion [Revolution Day],MX,2022
26/12/2022,Transmision del Poder Ejecutivo Federal [Change of Federal Government] (Observed),MX,2022
01/01/2023,Ano Nuevo [New Year's Day],MX,2023
02/01/2023,Ano Nuevo [New Year's Day] (Observed),MX,2023
06/02/2023,Dia de la Constitucion [Constitution Day],MX,2023
20/03/2023,Natalicio de Benito Juarez [Benito Juarez's birthday],MX,2023
01/05/2023,Dia del Trabajo [Labour Day],MX,2023
15/09/2023,Dia de la Independencia [Independence Day] (Observed),MX,2023
16/09/2023,Dia de la Independencia [Independence Day],MX,2023
20/11/2023,Dia de la Revolucion [Revolution Day],MX,2023
01/01/2024,Ano Nuevo [New Year's Day],MX,2024
05/02/2024,Dia de la Constitucion [Constitution Day],MX,2024
18/03/2024,Natalicio de Benito Juarez [Benito Juarez's birthday],MX,2024
01/05/2024,Dia del Trabajo [Labour Day],MX,2024
16/09/2024,Dia de la Independencia [Independence Day],MX,2024
18/11/2024,Dia de la Revolucion [Revolution Day],MX,2024
01/12/2024,Transmision del Poder Ejecutivo Federal [Change of Federal Government],MX,2024
02/12/2024,Transmision del Poder Ejecutivo Federal [Change of Federal Government] (Observed),MX,2024
01/01/2025,Ano Nuevo [New Year's Day],MX,2025
03/02/2025,Dia de la Constitucion [Constitution Day],MX,2025
17/03/2025,Natalicio de Benito Juarez [Benito Juarez's birthday],MX,2025
01/05/2025,Dia del Trabajo [Labour Day],MX,2025
16/09/2025,Dia de la Independencia [Independence Day],MX,2025
17/11/2025,Dia de la Revolucion [Revolution Day],MX,2025
25/12/2025,Navidad [Christmas],MX,2025
01/01/2026,Ano Nuevo [New Year's Day],MX,2026
02/02/2026,Dia de la Constitucion [Constitution Day],MX,2026
16/03/2026,Natalicio de Benito Juarez [Benito Juarez's birthday],MX,2026
01/05/2026,Dia del Trabajo [Labour Day],MX,2026
16/09/2026,Dia de la Independencia [Independence Day],MX,2026
16/11/2026,Dia de la Revolucion [Revolution Day],MX,2026
25/12/2026,Navidad [Christmas],MX,2026
01/01/2027,Ano Nuevo [New Year's Day],MX,2027
01/02/2027,Dia de la Constitucion [Constitution Day],MX,2027
15/03/2027,Natalicio de Benito Juarez [Benito Juarez's birthday],MX,2027
30/04/2027,Natalicio de Benito Juarez [Benito Juarez's birthday] (Observed),MX,2027
01/05/2027,Dia del Trabajo [Labour Day],MX,2027
16/09/2027,Dia de la Independencia [Independence Day],MX,2027
15/11/2027,Dia de la Revolucion [Revolution Day],MX,2027
24/12/2027,Transmision del Poder Ejecutivo Federal [Change of Federal Government] (Observed),MX,2027
25/12/2027,Navidad [Christmas],MX,2027
31/12/2027,Ano Nuevo [New Year's Day] (Observed),MX,2027
01/01/2028,Ano Nuevo [New Year's Day],MX,2028
07/02/2028,Dia de la Constitucion [Constitution Day],MX,2028
20/03/2028,Natalicio de Benito Juarez [Benito Juarez's birthday],MX,2028
01/05/2028,Dia del Trabajo [Labour Day],MX,2028
15/09/2028,Dia de la Independencia [Independence Day] (Observed),MX,2028
16/09/2028,Dia de la Independencia [Independence Day],MX,2028
20/11/2028,Dia de la Revolucion [Revolution Day],MX,2028
25/12/2028,Navidad [Christmas],MX,2028
01/01/2029,Ano Nuevo [New Year's Day],MX,2029
05/02/2029,Dia de la Constitucion [Constitution Day],MX,2029
19/03/2029,Natalicio de Benito Juarez [Benito Juarez's birthday],MX,2029
01/05/2029,Dia del Trabajo [Labour Day],MX,2029
16/09/2029,Dia de la Independencia [Independence Day],MX,2029
17/09/2029,Dia de la Independencia [Independence Day] (Observed),MX,2029
19/11/2029,Dia de la Revolucion [Revolution Day],MX,2029
25/12/2029,Navidad [Christmas],MX,2029
01/01/2030,Ano Nuevo [New Year's Day],MX,2030
04/02/2030,Dia de la Constitucion [Constitution Day],MX,2030
18/03/2030,Natalicio de Benito Juarez [Benito Juarez's birthday],MX,2030
01/05/2030,Dia del Trabajo [Labour Day],MX,2030
16/09/2030,Dia de la Independencia [Independence Day],MX,2030
18/11/2030,Dia de la Revolucion [Revolution Day],MX,2030
01/12/2030,Transmision del Poder Ejecutivo Federal [Change of Federal Government],MX,2030
02/12/2030,Transmision del Poder Ejecutivo Federal [Change of Federal Government] (Observed),MX,2030
25/12/2030,Navidad [Christmas],MX,2030
01/01/2031,Ano Nuevo [New Year's Day],MX,2031
03/02/2031,Dia de la Constitucion [Constitution Day],MX,2031
17/03/2031,Natalicio de Benito Juarez [Benito Juarez's birthday],MX,2031
01/05/2031,Dia del Trabajo [Labour Day],MX,2031
16/09/2031,Dia de la Independencia [Independence Day],MX,2031
17/11/2031,Dia de la Revolucion [Revolution Day],MX,2031
25/12/2031,Navidad [Christmas],MX,2031
01/01/2032,Ano Nuevo [New Year's Day],MX,2032
02/02/2032,Dia de la Constitucion [Constitution Day],MX,2032
15/03/2032,Natalicio de Benito Juarez [Benito Juarez's birthday],MX,2032
30/04/2032,Natalicio de Benito Juarez [Benito Juarez's birthday] (Observed),MX,2032
01/05/2032,Dia del Trabajo [Labour Day],MX,2032
16/09/2032,Dia de la Independencia [Independence Day],MX,2032
15/11/2032,Dia de la Revolucion [Revolution Day],MX,2032
24/12/2032,Transmision del Poder Ejecutivo Federal [Change of Federal Government] (Observed),MX,2032
25/12/2032,Navidad [Christmas],MX,2032
31/12/2032,Ano Nuevo [New Year's Day] (Observed),MX,2032
01/01/2033,Ano Nuevo [New Year's Day],MX,2033
07/02/2033,Dia de la Constitucion [Constitution Day],MX,2033
21/03/2033,Natalicio de Benito Juarez [Benito Juarez's birthday],MX,2033
01/05/2033,Dia del Trabajo [Labour Day],MX,2033
02/05/2033,Natalicio de Benito Juarez [Benito Juarez's birthday] (Observed),MX,2033
16/09/2033,Dia de la Independencia [Independence Day],MX,2033
21/11/2033,Dia de la Revolucion [Revolution Day],MX,2033
25/12/2033,Navidad [Christmas],MX,2033
26/12/2033,Transmision del Poder Ejecutivo Federal [Change of Federal Government] (Observed),MX,2033
01/01/2034,Ano Nuevo [New Year's Day],MX,2034
02/01/2034,Ano Nuevo [New Year's Day] (Observed),MX,2034
06/02/2034,Dia de la Constitucion [Constitution Day],MX,2034
20/03/2034,Natalicio de Benito Juarez [Benito Juarez's birthday],MX,2034
01/05/2034,Dia del Trabajo [Labour Day],MX,2034
15/09/2034,Dia de la Independencia [Independence Day] (Observed),MX,2034
16/09/2034,Dia de la Independencia [Independence Day],MX,2034
20/11/2034,Dia de la Revolucion [Revolution Day],MX,2034
25/12/2034,Navidad [Christmas],MX,2034
01/01/2035,Ano Nuevo [New Year's Day],MX,2035
05/02/2035,Dia de la Constitucion [Constitution Day],MX,2035
19/03/2035,Natalicio de Benito Juarez [Benito Juarez's birthday],MX,2035
01/05/2035,Dia del Trabajo [Labour Day],MX,2035
16/09/2035,Dia de la Independencia [Independence Day],MX,2035
17/09/2035,Dia de la Independencia [Independence Day] (Observed),MX,2035
19/11/2035,Dia de la Revolucion [Revolution Day],MX,2035
25/12/2035,Navidad [Christmas],MX,2035
01/01/2036,Ano Nuevo [New Year's Day],MX,2036
04/02/2036,Dia de la Constitucion [Constitution Day],MX,2036
17/03/2036,Natalicio de Benito Juarez [Benito Juarez's birthday],MX,2036
01/05/2036,Dia del Trabajo [Labour Day],MX,2036
16/09/2036,Dia de la Independencia [Independence Day],MX,2036
17/11/2036,Dia de la Revolucion [Revolution Day],MX,2036
01/12/2036,Transmision del Poder Ejecutivo Federal [Change of Federal Government],MX,2036
25/12/2036,Navidad [Christmas],MX,2036
01/01/2037,Ano Nuevo [New Year's Day],MX,2037
02/02/2037,Dia de la Constitucion [Constitution Day],MX,2037
16/03/2037,Natalicio de Benito Juarez [Benito Juarez's birthday],MX,2037
01/05/2037,Dia del Trabajo [Labour Day],MX,2037
16/09/2037,Dia de la Independencia [Independence Day],MX,2037
16/11/2037,Dia de la Revolucion [Revolution Day],MX,2037
25/12/2037,Navidad [Christmas],MX,2037
01/01/2038,Ano Nuevo [New Year's Day],MX,2038
01/02/2038,Dia de la Constitucion [Constitution Day],MX,2038
15/03/2038,Natalicio de Benito Juarez [Benito Juarez's birthday],MX,2038
30/04/2038,Natalicio de Benito Juarez [Benito Juarez's birthday] (Observed),MX,2038
01/05/2038,Dia del Trabajo [Labour Day],MX,2038
16/09/2038,Dia de la Independencia [Independence Day],MX,2038
15/11/2038,Dia de la Revolucion [Revolution Day],MX,2038
24/12/2038,Transmision del Poder Ejecutivo Federal [Change of Federal Government] (Observed),MX,2038
25/12/2038,Navidad [Christmas],MX,2038
31/12/2038,Ano Nuevo [New Year's Day] (Observed),MX,2038
01/01/2039,Ano Nuevo [New Year's Day],MX,2039
07/02/2039,Dia de la Constitucion [Constitution Day],MX,2039
21/03/2039,Natalicio de Benito Juarez [Benito Juarez's birthday],MX,2039
01/05/2039,Dia del Trabajo [Labour Day],MX,2039
02/05/2039,Natalicio de Benito Juarez [Benito Juarez's birthday] (Observed),MX,2039
16/09/2039,Dia de la Independencia [Independence Day],MX,2039
21/11/2039,Dia de la Revolucion [Revolution Day],MX,2039
25/12/2039,Navidad [Christmas],MX,2039
26/12/2039,Transmision del Poder Ejecutivo Federal [Change of Federal Government] (Observed),MX,2039
01/01/2040,Ano Nuevo [New Year's Day],MX,2040
02/01/2040,Ano Nuevo [New Year's Day] (Observed),MX,2040
06/02/2040,Dia de la Constitucion [Constitution Day],MX,2040
19/03/2040,Natalicio de Benito Juarez [Benito Juarez's birthday],MX,2040
01/05/2040,Dia del Trabajo [Labour Day],MX,2040
16/09/2040,Dia de la Independencia [Independence Day],MX,2040
17/09/2040,Dia de la Independencia [Independence Day] (Observed),MX,2040
19/11/2040,Dia de la Revolucion [Revolution Day],MX,2040
25/12/2040,Navidad [Christmas],MX,2040
01/01/2041,Ano Nuevo [New Year's Day],MX,2041
04/02/2041,Dia de la Constitucion [Constitution Day],MX,2041
18/03/2041,Natalicio de Benito Juarez [Benito Juarez's birthday],MX,2041
01/05/2041,Dia del Trabajo [Labour Day],MX,2041
16/09/2041,Dia de la Independencia [Independence Day],MX,2041
18/11/2041,Dia de la Revolucion [Revolution Day],MX,2041
25/12/2041,Navidad [Christmas],MX,2041
01/01/2042,Ano Nuevo [New Year's Day],MX,2042
03/02/2042,Dia de la Constitucion [Constitution Day],MX,2042
17/03/2042,Natalicio de Benito Juarez [Benito Juarez's birthday],MX,2042
01/05/2042,Dia del Trabajo [Labour Day],MX,2042
16/09/2042,Dia de la Independencia [Independence Day],MX,2042
17/11/2042,Dia de la Revolucion [Revolution Day],MX,2042
01/12/2042,Transmision del Poder Ejecutivo Federal [Change of Federal Government],MX,2042
25/12/2042,Navidad [Christmas],MX,2042
01/01/2043,Ano Nuevo [New Year's Day],MX,2043
02/02/2043,Dia de la Constitucion [Constitution Day],MX,2043
16/03/2043,Natalicio de Benito Juarez [Benito Juarez's birthday],MX,2043
01/05/2043,Dia del Trabajo [Labour Day],MX,2043
16/09/2043,Dia de la Independencia [Independence Day],MX,2043
16/11/2043,Dia de la Revolucion [Revolution Day],MX,2043
25/12/2043,Navidad [Christmas],MX,2043
01/01/2044,Ano Nuevo [New Year's Day],MX,2044
01/02/2044,Dia de la Constitucion [Constitution Day],MX,2044
21/03/2044,Natalicio de Benito Juarez [Benito Juarez's birthday],MX,2044
01/05/2044,Dia del Trabajo [Labour Day],MX,2044
02/05/2044,Natalicio de Benito Juarez [Benito Juarez's birthday] (Observed),MX,2044
16/09/2044,Dia de la Independencia [Independence Day],MX,2044
21/11/2044,Dia de la Revolucion [Revolution Day],MX,2044
25/12/2044,Navidad [Christmas],MX,2044
26/12/2044,Transmision del Poder Ejecutivo Federal [Change of Federal Government] (Observed),MX,2044
